# Реестр констант S5: что говорит спецификация против того, что стоит в живом коде (ТЗ 72 §5).
#
# Единственный источник правды и для отчёта, и для автотеста: расхождение кода со
# спецификацией обязано ломать тест В МОМЕНТ ПОЯВЛЕНИЯ, а не находиться случайно
# через месяц, как расхождение стопа 30% против 8%.
#
# Формат (TAB между полями, UTF-8):
#   key            идентификатор величины (совпадает с ключом в S5SpecCheck)
#   spec_value     значение из спецификации; для флагов 1 = требуется, 0 = не требуется
#   spec_source    документ и раздел, откуда взято значение — дословная ссылка
#   status         ok        — код обязан совпадать со спецификацией
#                  known     — расхождение ЗАРЕГИСТРИРОВАНО: тест требует, чтобы код был
#                              ровно expected_code, а спецификация ровно spec_value; любое
#                              изменение любой из сторон ломает тест и требует решения
#                  info      — величины нет в спецификации, сверять не с чем
#   expected_code  ожидаемое значение в коде для status=known (иначе пусто: -)
#   note           чем расхождение объясняется и что с ним делать
key	spec_value	spec_source	status	expected_code	note
entry_lead	5	док. 02 v2 §S5 «вход за 5 дней до события»	ok	-	S5Orchestrator: вход на unlockDay−entryLead
min_pct_supply	0.03	док. 02 v2 §S5 «разлок ≥ 3% циркулирующего supply»	ok	-	UnlockFeed.MIN_PCT, отсев в UnlockFeed:115
expensive_funding_threshold	-0.015	док. 02 v2 §S5 «отмена при ожидаемом funding > 1.5%»	ok	-	S5Orchestrator:88, знак: ожидание дохода шорта ниже −1.5% за 5 дней
exit_on_unlock_day	1	док. 02 v2 §S5 «выход в день разлока до разблокировки»	ok	-	S5Orchestrator:209 плановый выход при unlockDay <= today
position_fraction	0.02	док. 02 v2 §S5 «≤ 2% общего капитала на событие»	known	0.045	Код следует протоколу док. 54 §«Позиция ≤4.5%, суммарная экспозиция ≤81%», выведенному из кластеризации 18 одновременных событий (док. 52 §3.3). Спецификация 02 v2 от 06.08 просто не обновлена
max_concurrent	3	док. 02 v2 §S5 «≤ 3 одновременных события»	known	18	В коде лимита на число позиций нет: ограничивается суммарная экспозиция (S5Orchestrator:256), и при 4.5% на позицию потолок 81% допускает 18 одновременных. То же расхождение, что и position_fraction, только в другой форме
stop_frac	0.08	док. 02 v2 §S5 «стоп +8% против позиции → выход»	known	0.30	ОТКРЫТЫЙ ВОПРОС, а не устаревшая строка: 30% выбран по сетке в reports/s5_checks.md §A (13.08.2026) и зафиксирован протоколом док. 54, но измерение ТЗ 66 показало, что при 8% стоп срабатывает в 46% событий и премия падает с +2.17% до +0.39%. Решать отдельно: править код или править спецификацию
recipient_filter	1	док. 02 v2 §S5 «получатели — инвесторы/команда»	known	0	Категория получателя вычисляется (UnlockFeed.classify) и показывается в уведомлениях, но НЕ фильтрует отбор: в работу идут и ecosystem, и staking. Расширение вселенной относительно спецификации
approval_lead_days	-	в док. 02 v2 отсутствует	info	-	Операционный параметр протокола док. 54: за сколько дней до входа кандидат всплывает на подтверждение; на момент входа не влияет
